date,programmingValues,programmingNum,programmingAvg,educationValues,educationNum,educationAvg,artValues,artNum,artAvg
1/1/2007,0.6104,15,0.04069333333,0,0,0,0,0,0
2/1/2007,-0.4464,11,-0.04058181818,0,0,0,0,0,0
3/1/2007,0.3879,22,0.01763181818,0,0,0,0,0,0
4/1/2007,3.792,23,0.1648695652,0,0,0,0,0,0
5/1/2007,11.6927,40,0.2923175,0,0,0,0,0,0
6/1/2007,7.9313,22,0.3605136364,0,0,0,0,0,0
7/1/2007,2.4742,19,0.1302210526,0,0,0,0,0,0
8/1/2007,6.0802,49,0.1240857143,0,0,0,0,0,0
9/1/2007,5.7765,34,0.1698970588,0,0,0,0,0,0
10/1/2007,7.3086,25,0.292344,0,0,0,0,0,0
11/1/2007,23.6749,102,0.2321068627,0,0,0,0,0,0
12/1/2007,7.1209,59,0.1206932203,0,0,0,0,0,0
1/1/2008,15.2608,63,0.2422349206,0,0,0,0,0,0
2/1/2008,14.7084,87,0.169062069,0,0,0,0,0,0
3/1/2008,20.6088,63,0.3271238095,0,0,0,0,0,0
4/1/2008,13.0445,45,0.2898777778,0,0,0,0,0,0
5/1/2008,19.2258,85,0.2261858824,0,0,0,0,0,0
6/1/2008,18.3689,84,0.218677381,0,0,0,0,0,0
7/1/2008,14.9206,57,0.2617649123,0,0,0,0,0,0
8/1/2008,13.1115,70,0.1873071429,0,0,0,0,0,0
9/1/2008,11.9804,69,0.1736289855,0,0,0,0,0,0
10/1/2008,14.0957,38,0.3709394737,0,0,0,0,0,0
11/1/2008,7.4955,37,0.2025810811,0,0,0,0,0,0
12/1/2008,16.1185,79,0.2040316456,0,0,0,0,0,0
1/1/2009,19.0233,88,0.2161738636,0,0,0,0,0,0
2/1/2009,8.9335,54,0.1654351852,0,0,0,0.4995,1,0.4995
3/1/2009,21.5342,73,0.2949890411,0,0,0,0.3252,1,0.3252
4/1/2009,15.3028,74,0.2067945946,0,0,0,0,0,0
5/1/2009,31.7111,123,0.2578138211,0,0,0,0,0,0
6/1/2009,9.3895,74,0.1268851351,0,0,0,0,0,0
7/1/2009,26.4894,114,0.2323631579,0,0,0,0,0,0
8/1/2009,27.0176,134,0.2016238806,0,0,0,0,0,0
9/1/2009,63.2435,280,0.2258696429,0,0,0,0,0,0
10/1/2009,21.1499,154,0.137337013,0,0,0,0,0,0
11/1/2009,41.1966,178,0.231441573,0,0,0,0,0,0
12/1/2009,46.9343,176,0.2666721591,0,0,0,0.0258,3,0.0086
1/1/2010,19.1896,111,0.1728792793,0,0,0,0,0,0
2/1/2010,40.495,151,0.2681788079,0,0,0,0,1,0
3/1/2010,16.307,107,0.1524018692,0,0,0,0,0,0
4/1/2010,34.6622,162,0.2139641975,0.6249,2,0.31245,0.7574,1,0.7574
5/1/2010,24.2189,101,0.2397910891,0,0,0,0.8591,5,0.17182
6/1/2010,27.1933,110,0.2472118182,0,0,0,0,0,0
7/1/2010,9.8001,84,0.1166678571,0,0,0,0.4581,3,0.1527
8/1/2010,15.7718,74,0.2131324324,0,0,0,0,0,0
9/1/2010,13.2936,56,0.2373857143,0,0,0,-1.1136,2,-0.5568
10/1/2010,12.8048,91,0.1407120879,0,0,0,0.9516,2,0.4758
11/1/2010,22.9196,110,0.20836,0,0,0,3.0334,6,0.5055666667
12/1/2010,22.6295,105,0.2155190476,0,0,0,0,1,0
1/1/2011,38.6228,165,0.2340775758,0.4701,2,0.23505,1.7215,3,0.5738333333
2/1/2011,38.5755,161,0.2395993789,-0.5773,1,-0.5773,0.296,1,0.296
3/1/2011,19.0655,79,0.241335443,0,0,0,1.0203,9,0.1133666667
4/1/2011,21.4442,68,0.3153558824,-0.1813,1,-0.1813,2.9346,5,0.58692
5/1/2011,13.765,50,0.2753,0.8479,1,0.8479,-0.6635,3,-0.2211666667
6/1/2011,8.1627,52,0.156975,0,0,0,1.1369,11,0.1033545455
7/1/2011,11.8669,56,0.2119089286,0,1,0,0,1,0
8/1/2011,32.6156,110,0.2965054545,0.1154,1,0.1154,0.7902,3,0.2634
9/1/2011,17.7774,74,0.2402351351,0,0,0,-0.0587,2,-0.02935
10/1/2011,13.0958,52,0.2518423077,0,0,0,0.6458,3,0.2152666667
11/1/2011,22.8636,114,0.2005578947,0,0,0,1.4077,6,0.2346166667
12/1/2011,34.1878,155,0.2205664516,-0.2037,1,-0.2037,0,2,0
1/1/2012,14.1526,63,0.2246444444,0,0,0,0,1,0
2/1/2012,14.8348,64,0.23179375,0.7845,1,0.7845,2.2968,6,0.3828
3/1/2012,9.3489,39,0.2397153846,0.5859,1,0.5859,2.2453,5,0.44906
4/1/2012,19.7005,72,0.2736180556,0.872,2,0.436,0.4939,1,0.4939
5/1/2012,21.2751,93,0.2287645161,-0.128,1,-0.128,0.8417,3,0.2805666667
6/1/2012,10.537,56,0.1881607143,0.9231,1,0.9231,0,0,0
7/1/2012,7.2407,51,0.1419745098,0,0,0,-0.765,1,-0.765
8/1/2012,8.4617,47,0.1800361702,0.5423,1,0.5423,2.3017,6,0.3836166667
9/1/2012,20.4602,65,0.3147723077,0.2484,1,0.2484,0.9458,6,0.1576333333
10/1/2012,10.9072,49,0.2225959184,0.4588,1,0.4588,0.3621,3,0.1207
11/1/2012,27.7849,105,0.2646180952,0,0,0,1.064,4,0.266
12/1/2012,19.7091,73,0.2699876712,0,0,0,-0.2732,3,-0.09106666667
1/1/2013,14.191,60,0.2365166667,0,0,0,0,1,0
2/1/2013,33.2071,110,0.3018827273,0,1,0,1.566,4,0.3915
3/1/2013,13.2643,48,0.2763395833,0,0,0,0.8402,1,0.8402
4/1/2013,28.1287,82,0.3430329268,0,0,0,1.2471,4,0.311775
5/1/2013,26.1037,93,0.2806849462,0.4939,1,0.4939,1.3555,5,0.2711
6/1/2013,27.3143,67,0.4076761194,0.296,1,0.296,0.212,5,0.0424
7/1/2013,11.1946,44,0.2544227273,0,0,0,-0.7227,1,-0.7227
8/1/2013,15.3358,55,0.2788327273,0,0,0,0.5849,2,0.29245
9/1/2013,8.2878,47,0.1763361702,0.6705,1,0.6705,-0.396,3,-0.132
10/1/2013,16.2934,58,0.2809206897,0,0,0,1.8404,8,0.23005
11/1/2013,9.8774,42,0.2351761905,0,0,0,0.6599,4,0.164975
12/1/2013,15.3178,76,0.20155,0,0,0,0,0,0
1/1/2014,14.6028,54,0.2704222222,0.5106,1,0.5106,0.0002,3,0.00006666666667
2/1/2014,31.9038,113,0.2823345133,0,0,0,0,0,0
3/1/2014,12.0702,77,0.1567558442,0,0,0,0.4723,5,0.09446
4/1/2014,17.3301,72,0.2406958333,0,0,0,2.1391,7,0.3055857143
5/1/2014,30.3927,91,0.3339857143,0,0,0,-0.6908,2,-0.3454
6/1/2014,10.6627,69,0.1545318841,0,0,0,0.6369,2,0.31845
7/1/2014,33.8498,102,0.3318607843,0.7783,1,0.7783,1.1713,5,0.23426
8/1/2014,21.7006,62,0.3500096774,-0.8519,1,-0.8519,0,3,0
9/1/2014,26.0659,96,0.2715197917,0,0,0,1.1837,2,0.59185
10/1/2014,16.4865,60,0.274775,0,0,0,0.6127,4,0.153175
11/1/2014,18.61,69,0.2697101449,0,0,0,0.043,5,0.0086
12/1/2014,26.8799,101,0.2661376238,0,0,0,2.7217,12,0.2268083333
1/1/2015,23.7768,75,0.317024,0,0,0,2.6619,15,0.17746
2/1/2015,41.9698,164,0.2559134146,0,0,0,1.1266,17,0.06627058824
3/1/2015,16.5518,90,0.1839088889,0.926,1,0.926,-1.6147,9,-0.1794111111
4/1/2015,30.4991,104,0.2932605769,0,0,0,4.4158,15,0.2943866667
5/1/2015,33.0773,118,0.2803161017,0.1695,1,0.1695,1.1498,7,0.1642571429
6/1/2015,38.9206,145,0.268417931,0,0,0,3.409,7,0.487
7/1/2015,63.5369,221,0.2874972851,0,0,0,9.8164,39,0.2517025641
8/1/2015,59.7948,299,0.1999826087,0,0,0,0.6798,6,0.1133
9/1/2015,22.6508,95,0.2384294737,0,0,0,3.2316,9,0.3590666667
10/1/2015,42.1506,144,0.2927125,0,0,0,0.7035,4,0.175875
11/1/2015,25.6947,104,0.2470644231,0,0,0,1.9217,10,0.19217
12/1/2015,31.5158,102,0.3089784314,0,0,0,2.2614,6,0.3769
1/1/2016,28.2915,132,0.2143295455,-0.0258,1,-0.0258,6.5732,18,0.3651777778
2/1/2016,82.5052,265,0.3113403774,0,0,0,2.8149,9,0.3127666667
3/1/2016,23.8748,114,0.2094280702,0,0,0,1.5748,11,0.1431636364
4/1/2016,64.684,251,0.2577051793,-0.2263,2,-0.11315,0.4443,15,0.02962
5/1/2016,39.672,171,0.232,0,1,0,0.7476,5,0.14952
6/1/2016,51.6471,209,0.247115311,0.7391,1,0.7391,-0.4799,5,-0.09598
7/1/2016,43.2309,131,0.3300068702,0.4767,1,0.4767,2.0362,8,0.254525
8/1/2016,35.3731,115,0.3075921739,0,1,0,1.6246,7,0.2320857143
9/1/2016,27.9702,113,0.2475238938,0,2,0,2.4521,13,0.1886230769
10/1/2016,16.4252,104,0.1579346154,-0.0933,4,-0.023325,2.5113,7,0.3587571429
11/1/2016,22.7545,125,0.182036,0,0,0,4.5851,14,0.3275071429
12/1/2016,31.0677,126,0.2465690476,0,0,0,1.8535,12,0.1544583333
1/1/2017,34.9747,119,0.293905042,3.7835,6,0.6305833333,15.5424,57,0.2726736842
2/1/2017,51.8189,150,0.3454593333,0,2,0,0.2955,19,0.01555263158
3/1/2017,51.0244,226,0.2257716814,0.4404,1,0.4404,13.5799,64,0.2121859375
4/1/2017,62.9869,253,0.2489600791,0,0,0,4.5962,21,0.2188666667
5/1/2017,37.2559,166,0.2244331325,0.4497,2,0.22485,5.3358,37,0.1442108108
6/1/2017,36.4001,135,0.2696303704,0.3612,2,0.1806,7.3853,28,0.2637607143
7/1/2017,40.8388,165,0.2475078788,1.0963,2,0.54815,4.2056,13,0.3235076923
8/1/2017,32.765,145,0.2259655172,0.6588,1,0.6588,2.0244,11,0.1840363636
9/1/2017,57.5254,283,0.2032699647,0.6989,1,0.6989,2.1582,8,0.269775
10/1/2017,40.5859,215,0.1887716279,0.0062,4,0.00155,0.2372,8,0.02965
11/1/2017,43.5292,195,0.2232266667,-0.1511,1,-0.1511,4.6866,11,0.4260545455
12/1/2017,27.5603,109,0.252846789,1.1573,6,0.1928833333,3.0819,15,0.20546
1/1/2018,63.917,285,0.2242701754,0,0,0,3.4439,14,0.2459928571
2/1/2018,50.1434,158,0.3173632911,0.5267,1,0.5267,1.7021,9,0.1891222222
3/1/2018,36.6997,150,0.2446646667,-0.4161,2,-0.20805,2.5823,14,0.18445
4/1/2018,54.898,207,0.2652077295,0.4019,1,0.4019,3.9291,11,0.3571909091
5/1/2018,48.869,242,0.2019380165,0.8532,1,0.8532,2.2506,13,0.1731230769
6/1/2018,87.9608,412,0.2134970874,1.6581,3,0.5527,5.9871,15,0.39914
7/1/2018,45.9511,205,0.2241517073,0.1143,2,0.05715,7.1322,22,0.3241909091
8/1/2018,58.4936,284,0.2059633803,1.2649,3,0.4216333333,5.6408,28,0.2014571429
9/1/2018,31.4988,199,0.1582854271,6.8624,14,0.4901714286,3.4795,15,0.2319666667
10/1/2018,23.3183,226,0.1031783186,0.6091,4,0.152275,4.9549,20,0.247745
11/1/2018,87.2861,514,0.1698173152,0.0489,3,0.0163,6.6292,22,0.3013272727
12/1/2018,24.885,152,0.1637171053,1.7926,6,0.2987666667,5.7909,19,0.3047842105
1/1/2019,57.8948,224,0.2584589286,0.8519,1,0.8519,1.8108,8,0.22635
2/1/2019,60.9725,339,0.179859882,0,0,0,2.5738,8,0.321725
3/1/2019,33.3377,176,0.18941875,-0.2892,4,-0.0723,6.6859,23,0.2906913043
4/1/2019,62.902,361,0.1742437673,0.5241,2,0.26205,1.6008,18,0.08893333333
5/1/2019,51.0369,215,0.2373809302,2.0269,8,0.2533625,2.1856,20,0.10928
6/1/2019,48.121,193,0.2493316062,-0.6857,2,-0.34285,4.2878,21,0.2041809524
7/1/2019,37.5285,130,0.2886807692,1.4778,3,0.4926,5.0831,21,0.242052381
8/1/2019,65.5352,251,0.2610964143,4.9427,8,0.6178375,2.5873,12,0.2156083333
9/1/2019,55.6197,239,0.23271841,0.6124,1,0.6124,4.8999,22,0.2227227273
10/1/2019,75.0183,293,0.2560351536,0,0,0,7.849,22,0.3567727273
11/1/2019,33.4793,196,0.1708127551,0,0,0,6.2939,24,0.2622458333
12/1/2019,73.3618,309,0.2374168285,0,0,0,4.2432,12,0.3536
1/1/2020,77.283,377,0.204994695,0.5994,1,0.5994,6.0457,20,0.302285
2/1/2020,38.0881,170,0.2240476471,4.8846,14,0.3489,6.9087,33,0.2093545455
3/1/2020,49.1653,285,0.1725098246,-0.7935,1,-0.7935,7.0998,26,0.2730692308
4/1/2020,42.6073,151,0.2821675497,0.4767,1,0.4767,8.5125,32,0.266015625
5/1/2020,45.5819,159,0.2866786164,0.4215,1,0.4215,2.6321,18,0.1462277778
6/1/2020,67.1604,316,0.2125329114,0.9236,3,0.3078666667,14.841,35,0.4240285714
7/1/2020,66.623,302,0.2206059603,1.0193,3,0.3397666667,8.5845,24,0.3576875
8/1/2020,65.0423,356,0.1827030899,0.3901,3,0.1300333333,4.2263,25,0.169052
9/1/2020,80.1464,280,0.2862371429,7.3808,12,0.6150666667,11.825,45,0.2627777778
10/1/2020,78.453,273,0.2873736264,0.1818,7,0.02597142857,4.9156,15,0.3277066667
11/1/2020,43.0435,240,0.1793479167,-0.3818,2,-0.1909,5.9824,21,0.2848761905
12/1/2020,45.2063,167,0.2706964072,0,1,0,4.8881,18,0.2715611111
1/1/2021,56.2532,242,0.2324512397,1.5853,3,0.5284333333,11.2231,37,0.303327027
2/1/2021,59.7744,302,0.1979284768,0,1,0,8.0094,25,0.320376
3/1/2021,68.0569,280,0.2430603571,0.5036,8,0.06295,10.3499,40,0.2587475
4/1/2021,64.2124,225,0.2853884444,0.1683,3,0.0561,11.9613,56,0.2135946429
5/1/2021,100.3359,492,0.2039347561,0.7195,12,0.05995833333,6.6945,41,0.1632804878
6/1/2021,44.8169,287,0.156156446,0.7956,2,0.3978,9.1892,43,0.2137023256
7/1/2021,52.5575,289,0.1818598616,0,0,0,11.0019,36,0.3056083333
8/1/2021,113.3168,757,0.1496919419,0.3983,2,0.19915,2.7867,14,0.19905
9/1/2021,57.3646,466,0.1231,-0.6705,1,-0.6705,10.8132,37,0.2922486486
10/1/2021,37.1862,300,0.123954,0.8052,1,0.8052,10.7289,74,0.1449851351
11/1/2021,69.144,268,0.258,0.7096,3,0.2365333333,9.9514,47,0.2117319149
12/1/2021,57.0547,273,0.2089915751,-0.5316,2,-0.2658,21.4098,92,0.2327152174
1/1/2022,50.5521,242,0.2088929752,0.7351,1,0.7351,31.0705,142,0.218806338
2/1/2022,62.7719,269,0.2333527881,0.8551,2,0.42755,13.7235,58,0.236612069
3/1/2022,83.1579,413,0.2013508475,0.6757,1,0.6757,11.6843,63,0.1854650794
4/1/2022,79.0376,399,0.1980892231,-0.9462,1,-0.9462,13.8912,58,0.2395034483
5/1/2022,68.04,286,0.2379020979,-1.1602,2,-0.5801,9.6438,59,0.1634542373
6/1/2022,62.1603,293,0.2121511945,0,1,0,-0.2745,152,-0.001805921053
7/1/2022,183.0199,909,0.2013420242,1.5621,3,0.5207,-3.8304,158,-0.02424303797
8/1/2022,116.7179,488,0.2391760246,0.2417,2,0.12085,7.6352,229,0.03334148472
9/1/2022,106.2713,424,0.2506398585,0,1,0,16.0268,492,0.03257479675
10/1/2022,93.6572,426,0.2198525822,-0.7414,2,-0.3707,5.2828,460,0.01148434783
11/1/2022,85.8709,545,0.1575612844,0.8271,2,0.41355,-18.7565,284,-0.06604401408
12/1/2022,127.4514,824,0.1546740291,0.3159,2,0.15795,-8.6971,276,-0.03151123188
1/1/2023,316.2938,1795,0.1762082451,1.7189,10,0.17189,305.0722,2319,0.131553342
2/1/2023,400.2108,2008,0.1993081673,10.8958,50,0.217916,30.6849,349,0.08792234957
3/1/2023,286.7718,1869,0.1534359551,9.2249,42,0.2196404762,165.5994,962,0.1721407484
4/1/2023,384.6167,2470,0.1557152632,6.2901,49,0.1283693878,47.3225,317,0.1492823344
5/1/2023,315.8067,2114,0.1493882214,9.8079,73,0.1343547945,25.4218,270,0.09415481481
6/1/2023,280.017,1881,0.1488660287,28.4606,179,0.1589977654,21.6127,276,0.07830688406
7/1/2023,206.7333,1158,0.1785261658,7.4547,42,0.1774928571,48.2587,428,0.112753972
8/1/2023,236.1454,1426,0.1655998597,18.5665,62,0.2994596774,20.8034,149,0.1396201342
9/1/2023,253.4635,1223,0.2072473426,20.5685,73,0.281760274,5.5877,125,0.0447016
10/1/2023,271.4202,1555,0.1745467524,7.1099,24,0.2962458333,2.0542,73,0.02813972603
11/1/2023,356.1907,1788,0.1992118009,5.4634,31,0.1762387097,7.3828,107,0.06899813084
12/1/2023,250.3259,1362,0.1837928781,3.2116,16,0.200725,2.5394,96,0.02645208333
1/1/2024,343.5973,1824,0.1883757127,5.8419,50,0.116838,8.4263,104,0.08102211538
2/1/2024,334.4773,1766,0.1893982446,11.7512,77,0.152612987,41.4511,458,0.09050458515
3/1/2024,376.2802,2132,0.176491651,12.4741,44,0.2835022727,10.6273,154,0.06900844156
4/1/2024,502.6108,3050,0.1647904262,16.6413,96,0.173346875,14.7682,167,0.08843233533
5/1/2024,366.7854,2067,0.1774481858,3.8499,76,0.05065657895,10.95,207,0.05289855072
6/1/2024,415.2216,2491,0.1666887194,30.6923,224,0.1370191964,15.0347,186,0.08083172043
7/1/2024,278.8116,1680,0.1659592857,10.1636,45,0.2258577778,70.7699,486,0.1456170782
8/1/2024,298.4928,1829,0.1632,3.5425,25,0.1417,6.4266,53,0.1212566038
9/1/2024,379.9584,2185,0.1738940046,18.6331,62,0.300533871,5.8454,105,0.05567047619
10/1/2024,546.1613,2995,0.1823576962,17.9599,83,0.2163843373,3.8116,81,0.04705679012
11/1/2024,397.1707,2055,0.1932704136,32.4296,158,0.2052506329,-3.2366,120,-0.02697166667
12/1/2024,255.5957,1637,0.1561366524,30.9556,104,0.29765,0.5122,102,0.005021568627